种子,仅月亮,仅巫毒娃娃的头,仅刀把,仅塔罗牌残片
FVHJ Y01B,"2c,2d","1,1a,1b,2c,2d","4c,4d",
FVHJ YZKC,"2c,2d","2c,2d",4d,
FVHJ YZCW,"2c,6,6a,6b","1,1a,2c,2d","4c,4d",
FVHJ YZ64,"2c,2d,11","2c,2d","4c,4d",11
FVHJ YZ04,"2c,2d","1d,2d","4c,4d",
FVHJ YYJV,"1d,2,2a,2b,2c,2d","2c,2d","4c,4d",
FVHJ YYCV,"2c,2d","1,1a,1b,2c,2d","4c,4d",
FVHJ YY6V,"2c,2d","2c,2d","4c,4d",
FVHJ YY0V,"2c,2d","2c,2d","4c,4d",
FVHJ YXJ4,"2c,2d","2c,2d","4c,4d",2d
FVHJ YXC2,"2c,2d","2c,2d","4c,4d",11
FVHJ YX66,"2c,2d","2c,2d","4c,4d",
FVHJ YX06,"2c,2d","2c,2d","4c,4d",
FVHJ YWJ7,2c,"2c,2d",4d,
FVHJ YWC7,"2c,2d","2c,2d","4c,4d",
FVHJ YW67,"2c,2d","2c,2d","4c,4d",
FVHJ YW07,"2c,2d","2c,2d,12","4c,4d",
FVHJ YTJ6,"2c,2d","2c,2d,3,3a,3b","4c,4d",
FVHJ YTC8,"2c,2d","2c,2d",,
FVHJ YT68,"2c,2d","1,1a,1b,2,2a,2b,2c,2d,6c","4c,4d",
FVHJ YT08,"2c,2d","2c,2d","4c,4d",
FVHJ YSJ9,"2c,2d","2c,2d","4c,4d",
FVHJ YSC9,"2c,2d","2c,2d",,
FVHJ YS69,2c,"2c,2d","4c,4d",
FVHJ YS09,"2c,2d,11","2c,2d","4c,4d",11
FVHJ YRK6,"2c,11","2c,2d","4c,4d",11
FVHJ YRD2,"1,1a,1b,2c,2d,3,3a,3b,4","2c,2d","4c,4d",
FVHJ YR72,"2c,2d,5,5a,5b,11","2c,2d","4c,4d",
FVHJ YR12,"2c,2d","2c,2d","4c,4d",
FVHJ YQK3,2c,,"4c,4d",
FVHJ YQD3,"2c,2d","1,1a,1b,2c,2d","4c,4d",
FVHJ YQ73,"2c,2d","2c,2d","4c,4d",
FVHJ YQ13,"2c,2d","2c,2d",,
FVHJ YPK4,"2c,2d","2c,2d","4c,4d",2d
FVHJ YPD4,"2c,2d","2c,2d","4c,4d",
FVHJ YP7W,"1c,2c,2d,6,6a,6b,11","1c,1d,2c,2d","4c,4d",11
FVHJ YP1W,"2c,2d","2c,2d,4c,4d","4c,4d",
FVHJ YNKX,"2c,2d,6c,6d","2c,2d","4c,4d",
FVHJ YNDX,,"2c,2d","4c,4d",
